{"Adj Close":47686.8125,"% Varia\u00e7\u00e3o":null} {"Adj Close":47345.21875,"% Varia\u00e7\u00e3o":-0.007163275} {"Adj Close":46458.1171875,"% Varia\u00e7\u00e3o":-0.0187368775} {"Adj Close":45897.57421875,"% Varia\u00e7\u00e3o":-0.012065555} {"Adj Close":43569.00390625,"% Varia\u00e7\u00e3o":-0.0507340606} {"Adj Close":43160.9296875,"% Varia\u00e7\u00e3o":-0.009366159} {"Adj Close":41557.90234375,"% Varia\u00e7\u00e3o":-0.0371407047} {"Adj Close":41733.94140625,"% Varia\u00e7\u00e3o":0.0042359949} {"Adj Close":41911.6015625,"% Varia\u00e7\u00e3o":0.0042569705} {"Adj Close":41821.26171875,"% Varia\u00e7\u00e3o":-0.0021554854} {"Adj Close":42735.85546875,"% Varia\u00e7\u00e3o":0.0218691095} {"Adj Close":43949.1015625,"% Varia\u00e7\u00e3o":0.0283894187} {"Adj Close":42591.5703125,"% Varia\u00e7\u00e3o":-0.0308887145} {"Adj Close":43099.69921875,"% Varia\u00e7\u00e3o":0.0119302694} {"Adj Close":43177.3984375,"% Varia\u00e7\u00e3o":0.0018027787} {"Adj Close":43113.87890625,"% Varia\u00e7\u00e3o":-0.0014711292} {"Adj Close":42250.55078125,"% Varia\u00e7\u00e3o":-0.0200243668} {"Adj Close":42375.6328125,"% Varia\u00e7\u00e3o":0.0029604829} {"Adj Close":41744.328125,"% Varia\u00e7\u00e3o":-0.0148978232} {"Adj Close":40680.41796875,"% Varia\u00e7\u00e3o":-0.0254863404} {"Adj Close":36457.31640625,"% Varia\u00e7\u00e3o":-0.1038116562} {"Adj Close":35030.25,"% Varia\u00e7\u00e3o":-0.0391434847} {"Adj Close":36276.8046875,"% Varia\u00e7\u00e3o":0.0355850925} {"Adj Close":36654.328125,"% Varia\u00e7\u00e3o":0.0104067445} {"Adj Close":36954.00390625,"% Varia\u00e7\u00e3o":0.008175727} {"Adj Close":36852.12109375,"% Varia\u00e7\u00e3o":-0.0027570169} {"Adj Close":37138.234375,"% Varia\u00e7\u00e3o":0.0077638213} {"Adj Close":37784.33203125,"% Varia\u00e7\u00e3o":0.0173971021} {"Adj Close":38138.1796875,"% Varia\u00e7\u00e3o":0.0093649308} {"Adj Close":37917.6015625,"% Varia\u00e7\u00e3o":-0.0057836563} {"Adj Close":38483.125,"% Varia\u00e7\u00e3o":0.0149145361} {"Adj Close":38743.2734375,"% Varia\u00e7\u00e3o":0.0067600653} {"Adj Close":36952.984375,"% Varia\u00e7\u00e3o":-0.0462090294} {"Adj Close":37154.6015625,"% Varia\u00e7\u00e3o":0.0054560461} {"Adj Close":41500.875,"% Varia\u00e7\u00e3o":0.1169780661} {"Adj Close":41441.1640625,"% Varia\u00e7\u00e3o":-0.0014387874} {"Adj Close":42412.43359375,"% Varia\u00e7\u00e3o":0.023437313} {"Adj Close":43840.28515625,"% Varia\u00e7\u00e3o":0.033665872} {"Adj Close":44118.4453125,"% Varia\u00e7\u00e3o":0.0063448528} {"Adj Close":44338.796875,"% Varia\u00e7\u00e3o":0.004994545} {"Adj Close":43565.11328125,"% Varia\u00e7\u00e3o":-0.0174493592} {"Adj Close":42407.9375,"% Varia\u00e7\u00e3o":-0.0265619826} {"Adj Close":42244.46875,"% Varia\u00e7\u00e3o":-0.0038546734} {"Adj Close":42197.515625,"% Varia\u00e7\u00e3o":-0.0011114621} {"Adj Close":42586.91796875,"% Varia\u00e7\u00e3o":0.009228087} {"Adj Close":44575.203125,"% Varia\u00e7\u00e3o":0.0466876978} {"Adj Close":43961.859375,"% Varia\u00e7\u00e3o":-0.0137597522} {"Adj Close":40538.01171875,"% Varia\u00e7\u00e3o":-0.0778822303} {"Adj Close":40030.9765625,"% Varia\u00e7\u00e3o":-0.0125076474} {"Adj Close":40122.15625,"% Varia\u00e7\u00e3o":0.0022777283} {"Adj Close":38431.37890625,"% Varia\u00e7\u00e3o":-0.0421407397} {"Adj Close":37075.28125,"% Varia\u00e7\u00e3o":-0.0352862087} {"Adj Close":38286.02734375,"% Varia\u00e7\u00e3o":0.0326564237} {"Adj Close":37296.5703125,"% Varia\u00e7\u00e3o":-0.0258438156} {"Adj Close":38332.609375,"% Varia\u00e7\u00e3o":0.0277784004} {"Adj Close":39214.21875,"% Varia\u00e7\u00e3o":0.0229989398} {"Adj Close":39105.1484375,"% Varia\u00e7\u00e3o":-0.0027813971} {"Adj Close":37709.78515625,"% Varia\u00e7\u00e3o":-0.035682342} {"Adj Close":43193.234375,"% Varia\u00e7\u00e3o":0.1454118393} {"Adj Close":44354.63671875,"% Varia\u00e7\u00e3o":0.0268885246} {"Adj Close":43924.1171875,"% Varia\u00e7\u00e3o":-0.0097063027} {"Adj Close":42451.7890625,"% Varia\u00e7\u00e3o":-0.0335198114} {"Adj Close":39137.60546875,"% Varia\u00e7\u00e3o":-0.0780693504} {"Adj Close":39400.5859375,"% Varia\u00e7\u00e3o":0.0067193806} {"Adj Close":38419.984375,"% Varia\u00e7\u00e3o":-0.0248879944} {"Adj Close":38062.0390625,"% Varia\u00e7\u00e3o":-0.0093166439} {"Adj Close":38737.26953125,"% Varia\u00e7\u00e3o":0.01774026} {"Adj Close":41982.92578125,"% Varia\u00e7\u00e3o":0.0837863972} {"Adj Close":39437.4609375,"% Varia\u00e7\u00e3o":-0.060630954} {"Adj Close":38794.97265625,"% Varia\u00e7\u00e3o":-0.0162913196} {"Adj Close":38904.01171875,"% Varia\u00e7\u00e3o":0.0028106493} {"Adj Close":37849.6640625,"% Varia\u00e7\u00e3o":-0.0271012579} {"Adj Close":39666.75390625,"% Varia\u00e7\u00e3o":0.0480080838} {"Adj Close":39338.78515625,"% Varia\u00e7\u00e3o":-0.0082681016} {"Adj Close":41143.9296875,"% Varia\u00e7\u00e3o":0.0458871448} {"Adj Close":40951.37890625,"% Varia\u00e7\u00e3o":-0.0046799317} {"Adj Close":41801.15625,"% Varia\u00e7\u00e3o":0.0207508847} {"Adj Close":42190.65234375,"% Varia\u00e7\u00e3o":0.0093178306} {"Adj Close":41247.82421875,"% Varia\u00e7\u00e3o":-0.0223468487} {"Adj Close":41077.99609375,"% Varia\u00e7\u00e3o":-0.0041172626} {"Adj Close":42358.80859375,"% Varia\u00e7\u00e3o":0.0311800142} {"Adj Close":42892.95703125,"% Varia\u00e7\u00e3o":0.0126100912} {"Adj Close":43960.93359375,"% Varia\u00e7\u00e3o":0.0248986462} {"Adj Close":44348.73046875,"% Varia\u00e7\u00e3o":0.0088213976} {"Adj Close":44500.828125,"% Varia\u00e7\u00e3o":0.0034295831} {"Adj Close":46820.4921875,"% Varia\u00e7\u00e3o":0.0521263123} {"Adj Close":47128.00390625,"% Varia\u00e7\u00e3o":0.0065678874} {"Adj Close":47465.73046875,"% Varia\u00e7\u00e3o":0.0071661546} {"Adj Close":47062.6640625,"% Varia\u00e7\u00e3o":-0.008491735} {"Adj Close":45538.67578125,"% Varia\u00e7\u00e3o":-0.0323821082} {"Adj Close":46281.64453125,"% Varia\u00e7\u00e3o":0.0163151154} {"Adj Close":45868.94921875,"% Varia\u00e7\u00e3o":-0.0089170408} {"Adj Close":46453.56640625,"% Varia\u00e7\u00e3o":0.01274538} {"Adj Close":46622.67578125,"% Varia\u00e7\u00e3o":0.0036403959} {"Adj Close":45555.9921875,"% Varia\u00e7\u00e3o":-0.0228790728} {"Adj Close":43206.73828125,"% Varia\u00e7\u00e3o":-0.0515684939} {"Adj Close":43503.84765625,"% Varia\u00e7\u00e3o":0.0068764592} {"Adj Close":42287.6640625,"% Varia\u00e7\u00e3o":-0.0279557708} {"Adj Close":42782.13671875,"% Varia\u00e7\u00e3o":0.011693071} {"Adj Close":42207.671875,"% Varia\u00e7\u00e3o":-0.0134276801} {"Adj Close":39521.90234375,"% Varia\u00e7\u00e3o":-0.0636322595} {"Adj Close":40127.18359375,"% Varia\u00e7\u00e3o":0.0153150839} {"Adj Close":41166.73046875,"% Varia\u00e7\u00e3o":0.0259063005} {"Adj Close":39935.515625,"% Varia\u00e7\u00e3o":-0.0299080065} {"Adj Close":40553.46484375,"% Varia\u00e7\u00e3o":0.0154736757} {"Adj Close":40424.484375,"% Varia\u00e7\u00e3o":-0.0031805043} {"Adj Close":39716.953125,"% Varia\u00e7\u00e3o":-0.0175025424} {"Adj Close":40826.21484375,"% Varia\u00e7\u00e3o":0.0279291746} {"Adj Close":41502.75,"% Varia\u00e7\u00e3o":0.0165710968} {"Adj Close":41374.37890625,"% Varia\u00e7\u00e3o":-0.0030930744} {"Adj Close":40527.36328125,"% Varia\u00e7\u00e3o":-0.020471984} {"Adj Close":39740.3203125,"% Varia\u00e7\u00e3o":-0.0194200388} {"Adj Close":39486.73046875,"% Varia\u00e7\u00e3o":-0.0063811726} {"Adj Close":39469.29296875,"% Varia\u00e7\u00e3o":-0.000441604} {"Adj Close":40458.30859375,"% Varia\u00e7\u00e3o":0.0250578501} {"Adj Close":38117.4609375,"% Varia\u00e7\u00e3o":-0.0578582679} {"Adj Close":39241.12109375,"% Varia\u00e7\u00e3o":0.0294788826} {"Adj Close":39773.828125,"% Varia\u00e7\u00e3o":0.0135752246} {"Adj Close":38609.82421875,"% Varia\u00e7\u00e3o":-0.0292655739} {"Adj Close":37714.875,"% Varia\u00e7\u00e3o":-0.0231793135} {"Adj Close":38469.09375,"% Varia\u00e7\u00e3o":0.019997912} {"Adj Close":38529.328125,"% Varia\u00e7\u00e3o":0.0015657862} {"Adj Close":37750.453125,"% Varia\u00e7\u00e3o":-0.0202151202} {"Adj Close":39698.37109375,"% Varia\u00e7\u00e3o":0.0515998566} {"Adj Close":37028.75,