{"Adj Close":103922.0,"% Varia\u00e7\u00e3o":null} {"Adj Close":103514.0,"% Varia\u00e7\u00e3o":-0.0039260214} {"Adj Close":101006.0,"% Varia\u00e7\u00e3o":-0.0242286068} {"Adj Close":101561.0,"% Varia\u00e7\u00e3o":0.0054947231} {"Adj Close":102719.0,"% Varia\u00e7\u00e3o":0.0114020146} {"Adj Close":101945.0,"% Varia\u00e7\u00e3o":-0.0075351201} {"Adj Close":103779.0,"% Varia\u00e7\u00e3o":0.0179900927} {"Adj Close":105686.0,"% Varia\u00e7\u00e3o":0.0183755866} {"Adj Close":105530.0,"% Varia\u00e7\u00e3o":-0.0014760706} {"Adj Close":106928.0,"% Varia\u00e7\u00e3o":0.0132474178} {"Adj Close":106692.0,"% Varia\u00e7\u00e3o":-0.0022070926} {"Adj Close":106522.0,"% Varia\u00e7\u00e3o":-0.0015933716} {"Adj Close":108013.0,"% Varia\u00e7\u00e3o":0.0139971086} {"Adj Close":109102.0,"% Varia\u00e7\u00e3o":0.0100821197} {"Adj Close":108942.0,"% Varia\u00e7\u00e3o":-0.0014665176} {"Adj Close":107752.0,"% Varia\u00e7\u00e3o":-0.0109232436} {"Adj Close":109845.0,"% Varia\u00e7\u00e3o":0.0194242334} {"Adj Close":111573.0,"% Varia\u00e7\u00e3o":0.0157312577} {"Adj Close":112315.0,"% Varia\u00e7\u00e3o":0.0066503545} {"Adj Close":111478.0,"% Varia\u00e7\u00e3o":-0.0074522548} {"Adj Close":112388.0,"% Varia\u00e7\u00e3o":0.0081630456} {"Adj Close":113147.0,"% Varia\u00e7\u00e3o":0.00675339} {"Adj Close":112161.0,"% Varia\u00e7\u00e3o":-0.0087143274} {"Adj Close":111696.0,"% Varia\u00e7\u00e3o":-0.0041458261} {"Adj Close":112245.0,"% Varia\u00e7\u00e3o":0.0049151268} {"Adj Close":111996.0,"% Varia\u00e7\u00e3o":-0.0022183616} {"Adj Close":112234.0,"% Varia\u00e7\u00e3o":0.0021250759} {"Adj Close":112461.0,"% Varia\u00e7\u00e3o":0.00202256} {"Adj Close":113359.0,"% Varia\u00e7\u00e3o":0.0079849904} {"Adj Close":113572.0,"% Varia\u00e7\u00e3o":0.0018789862} {"Adj Close":113807.0,"% Varia\u00e7\u00e3o":0.002069172} {"Adj Close":114660.0,"% Varia\u00e7\u00e3o":0.0074951453} {"Adj Close":115181.0,"% Varia\u00e7\u00e3o":0.0045438688} {"Adj Close":113528.0,"% Varia\u00e7\u00e3o":-0.0143513253} {"Adj Close":112768.0,"% Varia\u00e7\u00e3o":-0.0066943838} {"Adj Close":111725.0,"% Varia\u00e7\u00e3o":-0.0092490778} {"Adj Close":112892.0,"% Varia\u00e7\u00e3o":0.0104452898} {"Adj Close":112008.0,"% Varia\u00e7\u00e3o":-0.0078304929} {"Adj Close":111592.0,"% Varia\u00e7\u00e3o":-0.0037140204} {"Adj Close":113142.0,"% Varia\u00e7\u00e3o":0.0138898846} {"Adj Close":115174.0,"% Varia\u00e7\u00e3o":0.017959732} {"Adj Close":115166.0,"% Varia\u00e7\u00e3o":-0.0000694601} {"Adj Close":114474.0,"% Varia\u00e7\u00e3o":-0.0060087179} {"Adj Close":111593.0,"% Varia\u00e7\u00e3o":-0.0251672869} {"Adj Close":111203.0,"% Varia\u00e7\u00e3o":-0.0034948429} {"Adj Close":113900.0,"% Varia\u00e7\u00e3o":0.0242529428} {"Adj Close":113663.0,"% Varia\u00e7\u00e3o":-0.0020807726} {"Adj Close":111713.0,"% Varia\u00e7\u00e3o":-0.0171559786} {"Adj Close":109928.0,"% Varia\u00e7\u00e3o":-0.0159784448} {"Adj Close":108959.0,"% Varia\u00e7\u00e3o":-0.0088148606} {"Adj Close":111112.0,"% Varia\u00e7\u00e3o":0.0197597261} {"Adj Close":113076.0,"% Varia\u00e7\u00e3o":0.0176758586} {"Adj Close":115311.0,"% Varia\u00e7\u00e3o":0.0197654675} {"Adj Close":116155.0,"% Varia\u00e7\u00e3o":0.0073193364} {"Adj Close":117272.0,"% Varia\u00e7\u00e3o":0.0096164608} {"Adj Close":117457.0,"% Varia\u00e7\u00e3o":0.0015775292} {"Adj Close":119053.0,"% Varia\u00e7\u00e3o":0.0135879513} {"Adj Close":119081.0,"% Varia\u00e7\u00e3o":0.0002351894} {"Adj Close":118738.0,"% Varia\u00e7\u00e3o":-0.0028803923} {"Adj Close":120014.0,"% Varia\u00e7\u00e3o":0.0107463491} {"Adj Close":120260.0,"% Varia\u00e7\u00e3o":0.0020497609} {"Adj Close":119999.0,"% Varia\u00e7\u00e3o":-0.0021702977} {"Adj Close":121570.0,"% Varia\u00e7\u00e3o":0.0130917758} {"Adj Close":121280.0,"% Varia\u00e7\u00e3o":-0.0023854569} {"Adj Close":118885.0,"% Varia\u00e7\u00e3o":-0.0197476913} {"Adj Close":118228.0,"% Varia\u00e7\u00e3o":-0.005526349} {"Adj Close":118862.0,"% Varia\u00e7\u00e3o":0.0053625199} {"Adj Close":118322.0,"% Varia\u00e7\u00e3o":-0.0045430836} {"Adj Close":116953.0,"% Varia\u00e7\u00e3o":-0.0115701222} {"Adj Close":116147.0,"% Varia\u00e7\u00e3o":-0.0068916573} {"Adj Close":116782.0,"% Varia\u00e7\u00e3o":0.0054672097} {"Adj Close":116182.0,"% Varia\u00e7\u00e3o":-0.0051377781} {"Adj Close":115687.0,"% Varia\u00e7\u00e3o":-0.0042605567} {"Adj Close":115057.0,"% Varia\u00e7\u00e3o":-0.0054457286} {"Adj Close":114344.0,"% Varia\u00e7\u00e3o":-0.0061969285} {"Adj Close":111078.0,"% Varia\u00e7\u00e3o":-0.0285629329} {"Adj Close":110685.0,"% Varia\u00e7\u00e3o":-0.0035380543} {"Adj Close":108213.0,"% Varia\u00e7\u00e3o":-0.0223336495} {"Adj Close":109349.0,"% Varia\u00e7\u00e3o":0.0104978145} {"Adj Close":109919.0,"% Varia\u00e7\u00e3o":0.0052126677} {"Adj Close":107876.0,"% Varia\u00e7\u00e3o":-0.0185864136} {"Adj Close":106639.0,"% Varia\u00e7\u00e3o":-0.0114668694} {"Adj Close":106528.0,"% Varia\u00e7\u00e3o":-0.001040895} {"Adj Close":108344.0,"% Varia\u00e7\u00e3o":0.0170471613} {"Adj Close":104646.7890625,"% Varia\u00e7\u00e3o":-0.034124741}